-- --------------------------------------------------------
-- 主机:                           127.0.0.1
-- 服务器版本:                        10.2.6-MariaDB - mariadb.org binary distribution
-- 服务器操作系统:                      Win64
-- HeidiSQL 版本:                  9.4.0.5169
-- --------------------------------------------------------

/*!40101 SET @OLD_CHARACTER_SET_CLIENT=@@CHARACTER_SET_CLIENT */;
/*!40101 SET NAMES utf8 */;
/*!50503 SET NAMES utf8mb4 */;
/*!40014 SET @OLD_FOREIGN_KEY_CHECKS=@@FOREIGN_KEY_CHECKS, FOREIGN_KEY_CHECKS=0 */;
/*!40101 SET @OLD_SQL_MODE=@@SQL_MODE, SQL_MODE='NO_AUTO_VALUE_ON_ZERO' */;

-- 正在导出表  aboutstudent.course 的数据：~4 rows (大约)
/*!40000 ALTER TABLE `course` DISABLE KEYS */;
INSERT INTO `course` (`cno`, `cname`, `tno`) VALUES
	('3-105', '计算机导论', '825'),
	('3-245', '操作系统', '804'),
	('6-166', '数字电路', '856'),
	('9-888', '高等数学', '100'),
	('2-336', 'Java课程设计', '825'),
	('5-238', '计算机体系结构', '831'),
	('5-339', 'Python高级应用', '831'),
	('5-234', 'Python入门', '831');
/*!40000 ALTER TABLE `course` ENABLE KEYS */;

-- 正在导出表  aboutstudent.score 的数据：~12 rows (大约)
/*!40000 ALTER TABLE `score` DISABLE KEYS */;
INSERT INTO `score` (`sno`, `cno`, `degree`) VALUES
	('103', '3-245', 86.0),
	('105', '3-245', 75.7),
	('109', '3-245', 68.8),
	('103', '3-105', 92.9),
	('105', '3-105', 88.5),
	('109', '3-105', 76.0),
	('101', '3-105', 64.1),
	('107', '3-105', 91.9),
	('108', '3-105', 78.4),
	('101', '6-166', 85.6),
	('107', '6-106', 79.6),
	('108', '6-166', 81.8),
	('103', '6-166', 81.0),
	('105', '6-166', 79.0);
/*!40000 ALTER TABLE `score` ENABLE KEYS */;

-- 正在导出表  aboutstudent.student 的数据：~12 rows (大约)
/*!40000 ALTER TABLE `student` DISABLE KEYS */;
INSERT INTO `student` (`sno`, `sname`, `ssex`, `sbirthday`, `class`) VALUES
	('108', '曾华', '男', '1977-09-01 00:00:00', '95033'),
	('105', '匡明', '男', '1975-10-02 00:00:00', '95031'),
	('107', '王丽', '女', '1976-01-23 00:00:00', '95033'),
	('101', '李军', '男', '1976-02-20 00:00:00', '95033'),
	('109', '王芳', '女', '1975-02-10 00:00:00', '95031'),
	('103', '陆君', '男', '1974-06-03 00:00:00', '95031'),
	('111', '王欢', '男', '2013-03-26 09:59:53', '95062'),
	('112', '王子文', '女', '2012-12-13 09:59:53', '95052'),
	('110', '王海', '男', '2013-09-13 09:59:53', '95072'),
	('122', 'Jhon', '男', '1994-02-25 00:00:00', '95042'),
	('123', 'May', '女', '1995-09-10 00:00:00', '95042'),
	('121', '李王圣', '男', '1995-02-10 00:00:00', '95042');
/*!40000 ALTER TABLE `student` ENABLE KEYS */;

-- 正在导出表  aboutstudent.teacher 的数据：~4 rows (大约)
/*!40000 ALTER TABLE `teacher` DISABLE KEYS */;
INSERT INTO `teacher` (`tno`, `tname`, `tsex`, `tbirthday`, `prof`, `depart`) VALUES
	('804', '李诚', '男', '1958-12-02 00:00:00', '副教授', '计算机系'),
	('856', '张旭', '男', '1969-03-12 00:00:00', '讲师', '电子工程系'),
	('825', '王萍', '女', '1972-05-05 00:00:00', '助教', '计算机系'),
	('831', '刘冰', '女', '1977-08-14 00:00:00', '助教', '电子工程系'),
	('100', '王大山', '女', '1980-08-14 00:00:00', '助教', '电子工程系');
/*!40000 ALTER TABLE `teacher` ENABLE KEYS */;

-- 正在导出表  aboutstudent.textbook 的数据：~0 rows (大约)
/*!40000 ALTER TABLE `textbook` DISABLE KEYS */;
INSERT INTO `textbook` (`tbno`, `tbname`, `cno`, `press`, `presstime`, `author`, `price`) VALUES
	('039', 'Java入门', '2-336', '科学出版社', '2013-02-20 00:00:00', '波多野结衣', 70.10),
	('040', 'Java编程思想', '2-336', '科学出版社', '2012-05-20 00:00:00', '小泽圆', 130.90),
	('041', 'Java编程导论', '2-336', '人民邮电出版社', '2008-02-18 00:00:00', '小泽圆', 38.20),
	('042', 'Java从入门到精通', '2-336', '科学出版社', '2014-07-09 00:00:00', '尼古拉斯赵四', 75.00),
	('043', '学习Python', '5-339', '科学出版社', '2013-12-20 00:00:00', '波多野结衣', 102.90),
	('044', 'Python标准库', '5-339', '科学出版社', '2008-09-20 00:00:00', '王大陆', 59.70),
	('045', 'fluent python', '5-234', '图文出版社', '2014-07-10 00:00:00', '小泽玛', 73.50),
	('046', 'python很简单', '5-234', '长江出版社', '2008-06-17 00:00:00', '波多野结衣', 73.20),
	('046', '高等数学第三版上', '9-888', '同济大学出版社', '2013-02-20 00:00:00', '数学组', 33.90),
	('047', '高等数学第三版下', '9-888', '同济大学出版社', '2013-02-20 00:00:00', '数学组', 27.80),
	('048', '高等数学第四版上', '9-888', '同济大学出版社', '2015-02-20 00:00:00', '数学组', 45.20),
	('049', '高等数学第四版下', '9-888', '同济大学出版社', '2015-02-20 00:00:00', '数学组', 32.90),
	('050', '高等数学习题集', '9-888', '同济大学出版社', '2015-02-20 00:00:00', '数学组', 15.80),
	('051', '高等数学', '9-888', '科学出版社', '2015-02-20 00:00:00', '科学出版社编委会', 67.70),
	('052', '高等数学', '9-888', '伦敦大学出版社', '2013-12-28 00:00:00', '伦敦大学数学学院', 248.90),
	('053', '操作系统第2版', '3-245', '西安电子科技大学出版社', '2013-02-20 00:00:00', '马飞天', 23.30),
	('054', '操作系统第3版', '3-245', '西安电子科技大学出版社', '2015-02-20 00:00:00', '马飞天', 33.70),
	('055', '操作系统', '3-245', '香港科技大学出版社', '2012-12-20 00:00:00', '肖刚军', 160.20),
	('056', '操作系统', '3-245', '世界出版社', '2013-02-20 00:00:00', 'Jhon', 343.90),
	('057', 'Operation System', '3-245', 'O\'Reilly', '2013-02-20 00:00:00', 'O\'Reilly', 243.80),
	('058', '计算机导论', '3-105', '人民邮电出版社', '2006-08-13 00:00:00', '王大陆', 21.20),
	('059', '计算机导论---以python为舟', '3-105', '人民邮电出版社', '2014-08-13 00:00:00', '沙行勉', 34.50),
	('060', '计算机导论', '3-105', '南京理工大学出版社', '2012-08-13 00:00:00', '陆机', 29.20),
	('061', '数字电路', '6-166', '人民邮电出版社', '2013-08-13 00:00:00', '王大陆', 21.20),
	('062', '数字电路', '6-166', '南京理工大学出版社', '2014-08-13 00:00:00', '陆机', 33.20),
	('063', '计算机体系结构', '5-238', '人民邮电出版社', '2013-08-13 00:00:00', '王大陆', 18.50),
	('064', '计算机体系结构', '5-238', '南京理工大学出版社', '2013-02-13 00:00:00', '陆机', 23.90),
	('065', '计算机体系结构', '5-238', '伦敦大学出版社', '2017-08-13 00:00:00', 'Marry', 323.90),
	('066', '计算机体系结构', '5-238', '科学出版社', '0200-06-22 00:00:00', '陆机', 30.80);
/*!40000 ALTER TABLE `textbook` ENABLE KEYS */;

/*!40101 SET SQL_MODE=IFNULL(@OLD_SQL_MODE, '') */;
/*!40014 SET FOREIGN_KEY_CHECKS=IF(@OLD_FOREIGN_KEY_CHECKS IS NULL, 1, @OLD_FOREIGN_KEY_CHECKS) */;
/*!40101 SET CHARACTER_SET_CLIENT=@OLD_CHARACTER_SET_CLIENT */;
